name,gender,frequency
Marko,Male,1000000
Andrej,Male,500000
Matej,Male,333333
Maja,Female,250000
Luka,Male,200000
Rok,Male,166667
Miha,Male,142857
Egzon,Male,125000
Anja,Female,111111
Dejan,Male,100000
Katja,Female,90909
Jure,Male,83333
Gregor,Male,76923
Mateja,Female,71429
Mojca,Female,66667
Aleš,Male,62500
Valon,Male,58824
Tomaž,Male,55556
Endrit,Male,52632
Mitja,Male,50000
Andreja,Female,47619
Bojan,Male,45455
Boštjan,Male,43478
Alban,Male,41667
Nejc,Male,40000
Liridon,Male,38462
Matjaž,Male,37037
Klemen,Male,35714
Ilir,Male,34483
Nataša,Female,33333
Matic,Male,32258
Janez,Male,31250
Besnik,Male,30303
Dardan,Male,29412
Ardit,Male,28571
Uroš,Male,27778
Vesna,Female,27027
Granit,Male,26316
Armend,Male,25641
Tadej,Male,25000
Arben,Male,24390
Kushtrim,Male,23810
Blaž,Male,23256
Burim,Male,22727
Blerim,Male,22222
Špela,Female,21739
Žiga,Male,21277
Bekim,Male,20833
Nika,Female,20408
Alenka,Female,20000
Tjaša,Female,19608
Urška,Female,19231
Marija,Female,18868
Fitim,Male,18519
Jernej,Male,18182
Bujar,Male,17857
Suzana,Female,17544
Qendrim,Male,17241
Ardian,Male,16949
Arlind,Male,16667
Besart,Male,16393
Agron,Male,16129
Driton,Male,15873
Primož,Male,15625
Katarina,Female,15385
Faton,Male,15152
Alen,Male,14925
Jeton,Male,14706
Marjan,Female,14493
Jaka,Male,14286
Žan,Male,14085
Damjan,Male,13889
Borut,Male,13699
Fatmir,Male,13514
Flamur,Male,13333
Rinor,Male,13158
Mentor,Male,12987
Astrit,Male,12821
Enis,Male,12658
Goran,Male,12500
Edona,Female,12346
Blerta,Female,12195
Egzona,Female,12048
Artan,Male,11905
Arber,Male,11765
Leotrim,Male,11628
Arta,Female,11494
Visar,Male,11364
Bajram,Male,11236
Afrim,Male,11111
Besim,Male,10989
Jože,Male,10870
Jasmina,Female,10753
Agon,Male,10638
Darko,Male,10526
Labinot,Male,10417
Drilon,Male,10309
Janja,Female,10204
Kastriot,Male,10101
Grega,Male,10000
Agim,Male,9901
Anže,Male,9804
Domen,Male,9709
Saša,Male,9615
Arbnor,Male,9524
Branko,Male,9434
Gašper,Male,9346
Altin,Male,9259
Valmir,Male,9174
Darja,Female,9091
Kujtim,Male,9009
Agnesa,Female,8929
Berat,Male,8850
Kaja,Female,8772
Sandi,Female,8696
Polona,Female,8621
Mergim,Male,8547
Karmen,Female,8475
Albion,Male,8403
Arian,Male,8333
Tilen,Male,8264
Albin,Male,8197
Aleksander,Male,8130
Zoran,Male,8065
Behar,Male,8000
Lirim,Male,7937
Miran,Male,7874
Kaltrina,Female,7812
Besa,Female,7752
Florent,Male,7692
Fitore,Female,7634
Albina,Female,7576
Bashkim,Male,7519
Sašo,Male,7463
Jetmir,Male,7407
Matija,Male,7353
Gzim,Male,7299
Fisnik,Male,7246
Gazmend,Male,7194
Maša,Female,7143
Samo,Male,7092
Arsim,Male,7042
Marigona,Female,6993
Vlora,Female,6944
Edon,Male,6897
Arton,Male,6849
Dušan,Male,6803
Veton,Male,6757
Sanja,Female,6711
Blerina,Female,6667
Avni,Male,6623
Dafina,Female,6579
Mimoza,Female,6536
Lulzim,Male,6494
Fidan,Female,6452
Muhamet,Male,6410
Iztok,Male,6369
Arlinda,Female,6329
Petrit,Male,6289
Franc,Male,6250
Donjeta,Female,6211
Ardita,Female,6173
Arianit,Male,6135
Danijel,Male,6098
Natalija,Female,6061
Aljaž,Male,6024
Gentrit,Male,5988
Fjolla,Female,5952
Dona,Female,5917
Enver,Male,5882
Urban,Male,5848
Lidija,Female,5814
Qendresa,Female,5780
Drago,Male,5747
Gresa,Female,5714
Diellza,Female,5682
Ismet,Male,5650
Besmir,Male,5618
Fatlum,Male,5587
Meriton,Male,5556
Ardi,Male,5525
Dragan,Male,5495
Klavdija,Female,5464
Besarta,Female,5435
Genta,Female,5405
Gorazd,Male,5376
Metka,Female,5348
Liridona,Female,5319
Leonora,Female,5291
Taulant,Male,5263
Durim,Male,5236
Albulena,Female,5208
Tomaz,Male,5181
Ermal,Male,5155
Brigita,Female,5128
Lucija,Female,5102
Argjend,Male,5076
Merita,Female,5051
Kreshnik,Male,5025
Arjeta,Female,5000
Kristjan,Male,4975
Teja,Male,4950
Leutrim,Male,4926
Matjaz,Male,4902
Albana,Female,4878
Sebastjan,Male,4854
Florim,Male,4831
Urša,Female,4808
Tadeja,Female,4785
Shkelqim,Male,4762
Valdrin,Male,4739
Gent,Male,4717
Damir,Male,4695
Ales,Male,4673
Bostjan,Male,4651
Jasna,Female,4630
Jeta,Female,4608
Shqipe,Female,4587
Vanja,Female,4566
Teuta,Female,4545
Ylli,Male,4525
Lavdim,Male,4505
Janko,Male,4484
Dragica,Female,4464
Skender,Male,4444
Shpend,Male,4425
Bojana,Female,4405
Danijela,Female,4386
Andraž,Male,4367
Arbër,Male,4348
Lorik,Male,4329
Mirjeta,Female,4310
Rexhep,Male,4292
Pajtim,Male,4274
Manca,Female,4255
Shpresa,Female,4237
Vjollca,Female,4219
Aferdita,Female,4202
Perparim,Male,4184
Natasa,Female,4167
Zdenka,Female,4149
Matevž,Male,4132
Fatos,Male,4115
Franci,Female,4098
Erza,Female,4082
Shpetim,Male,4065
Mirsad,Male,4049
Dren,Male,4032
Shkelzen,Male,4016
Vid,Male,4000
Marjana,Female,3984
Urim,Male,3968
Nuša,Female,3953
Mirjana,Female,3937
Joze,Male,3922
Uros,Male,3906
Patricija,Female,3891
Neža,Female,3876
Besi,Male,3861
Arbenita,Female,3846
Slavica,Female,3831
Leart,Male,3817
Valbona,Female,3802
Melita,Female,3788
Saranda,Female,3774
Ksenija,Female,3759
Maruša,Female,3745
Zala,Male,3731
Aljoša,Male,3717
Festim,Male,3704
Gashi,Male,3690
Donika,Female,3676
Jehona,Female,3663
Jožica,Female,3650
Luljeta,Female,3636
Primoz,Male,3623
Drita,Female,3610
Ylber,Male,3597
Branka,Female,3584
Alja,Female,3571
Antigona,Female,3559
Meti,Male,3546
Admir,Male,3534
Blend,Male,3521
Njomza,Female,3509
Betim,Male,3497
Qlirim,Male,3484
Jurij,Male,3472
Almir,Male,3460
Nexhat,Male,3448
Tine,Female,3436
Safet,Male,3425
Gentiana,Female,3413
Zlatko,Male,3401
Gezim,Male,3390
Fatime,Female,3378
Genc,Male,3367
Davor,Male,3356
Haxhi,Male,3344
Isuf,Male,3333
Blendi,Male,3322
Lejla,Female,3311
Nastja,Female,3300
Erion,Male,3289
Ajda,Female,3279
Gordana,Female,3268
Doni,Male,3257
Majlinda,Female,3247
Bleona,Female,3236
Valdet,Male,3226
Kristijan,Male,3215
Shpejtim,Male,3205
Lindi,Female,3195
Vlado,Male,3185
Marjeta,Female,3175
Slavko,Male,3165
Blaz,Male,3155
Dion,Male,3145
Sokol,Male,3135
Ermira,Female,3125
Era,Female,3115
Ardiana,Female,3106
Korab,Male,3096
Darinka,Female,3086
Yll,Male,3077
Živa,Female,3067
Dea,Female,3058
Çlirim,Male,3049
Rajko,Male,3040
Meta,Female,3030
Erblin,Male,3021
Fatlind,Male,3012
Ziga,Male,3003
Stanko,Male,2994
Senad,Male,2985
Atdhe,Male,2976
Hysen,Male,2967
Anica,Female,2959
Mihael,Male,2950
Valerija,Female,2941
Ekrem,Male,2933
Stane,Male,2924
Vojko,Male,2915
Azem,Male,2907
Fatjon,Male,2899
Xhevdet,Male,2890
Esat,Male,2882
Bedri,Male,2874
Milot,Male,2865
Krenar,Male,2857
Arjanit,Male,2849
Sebastijan,Male,2841
Spela,Female,2833
Nazmi,Male,2825
Rilind,Male,2817
Mladen,Male,2809
Albi,Male,2801
Idriz,Male,2793
Imer,Male,2786
Mirlinda,Female,2778
Leonit,Male,2770
Damijan,Male,2762
Yllka,Female,2755
Nenad,Male,2747
Vjosa,Female,2740
Jelka,Female,2732
Djellza,Female,2725
Mensur,Male,2717
Fatmire,Female,2710
Neja,Female,2703
Kosovare,Female,2695
Julija,Female,2688
Leonita,Female,2681
Srečko,Male,2674
Muharrem,Male,2667
Fatjona,Female,2660
Gëzim,Male,2653
Sadri,Male,2646
Gasper,Male,2639
Albiona,Female,2632
Arbnora,Female,2625
Bleron,Male,2618
Rrezarta,Female,2611
Dragana,Female,2604
Nevenka,Female,2597
Tjasa,Female,2591
Pranvera,Female,2584
Nderim,Male,2577
Elona,Female,2571
Genti,Male,2564
Lule,Female,2558
Fehmi,Male,2551
Zdravko,Male,2545
Cvetka,Female,2538
Taja,Female,2532
Sead,Male,2525
Avdi,Male,2519
Elmedina,Female,2513
Diar,Male,2506
Tringa,Female,2500
Edonis,Male,2494
Nives,Female,2488
Haki,Male,2481
Faik,Male,2475
Krasniqi,Male,2469
Besfort,Male,2463
Shkodran,Male,2457
Alojz,Male,2451
Remzi,Male,2445
Berisha,Male,2439
Manja,Female,2433
Vlera,Female,2427
Damjana,Female,2421
Loni,Female,2415
Labi,Male,2410
Vedat,Male,2404
Marjetka,Female,2398
Erjon,Male,2392
Silvo,Male,2387
Arjan,Male,2381
Zenel,Male,2375
Shkurta,Female,2370
Nehat,Male,2364
Lum,Female,2358
Željko,Male,2353
Brane,Male,2347
Jozica,Female,2342
Timotej,Male,2336
Aljaz,Male,2331
Hysni,Male,2326
Beqir,Male,2320
Mustaf,Male,2315
Ganimete,Female,2309
Vesa,Male,2304
Bledar,Male,2299
Ensar,Male,2294
Milaim,Male,2288
Saso,Female,2283
Vinko,Male,2278
Gentian,Male,2273
Vlasta,Female,2268
Asllan,Male,2262
Lumi,Female,2257
Dorentina,Female,2252
Doruntina,Female,2247
Vigan,Male,2242
Dijana,Female,2237
Arbresha,Female,2232
Hekuran,Male,2227
Drin,Male,2222
Marijan,Male,2217
Lovro,Male,2212
Davorin,Male,2208
Breda,Female,2203
Adhurim,Male,2198
Shkumbin,Male,2193
Kosova,Male,2188
Herolind,Male,2183
Gal,Male,2179
Miloš,Male,2174
Maj,Male,2169
Xhavit,Male,2165
Ilirjana,Female,2160
Tone,Male,2155
Erblina,Female,2151
Ivica,Male,2146
Dalibor,Male,2141
Štefan,Male,2137
Stanka,Female,2132
Shqiprim,Male,2128
Krenare,Female,2123
Qëndresa,Female,2119
Drenusha,Female,2114
Bardha,Female,2110
Izet,Male,2105
Bardh,Male,2101
Shkurte,Female,2096
Trim,Male,2092
Marijana,Female,2088
Zvonko,Male,2083
Urska,Female,2079
Fazli,Male,2075
Gaja,Female,2070
Xhevat,Male,2066
Limi,Male,2062
Valdete,Female,2058
Butrint,Male,2053
Niti,Female,2049
Sabit,Male,2045
Edis,Male,2041
Donat,Male,2037
Lendita,Female,2033
Anze,Male,2028
Besiana,Female,2024
Elvir,Male,2020
Fatlinda,Female,2016
Qëndrim,Male,2012
Adriatik,Male,2008
Ruzhdi,Male,2004
Xhafer,Male,2000
