name,frequency
Gashi,1000000
Krasniqi,500000
Berisha,333333
Morina,250000
Shala,200000
Bytyqi,166667
Kastrati,142857
Kryeziu,125000
Hoti,111111
Hoxha,100000
Hasani,90909
Kelmendi,83333
Thaqi,76923
Mehmeti,71429
Ahmeti,66667
Osmani,62500
Hyseni,58824
Bajrami,55556
Kabashi,52632
Novak,50000
Elshani,47619
Tahiri,45455
Rexhepi,43478
Sadiku,41667
Ademi,40000
Shabani,38462
Aliu,37037
Horvat,35714
Beqiri,34483
Mazreku,33333
Hajdari,32258
Ramadani,31250
Jashari,30303
Salihu,29412
Syla,28571
Zogaj,27778
Bajraktari,27027
Zeqiri,26316
Imeri,25641
Uka,25000
Lajqi,24390
Kuqi,23810
Ibrahimi,23256
Haliti,22727
Peci,22222
Selimi,21739
Latifi,21277
Sylejmani,20833
Maloku,20408
Halili,20000
Krajnc,19608
Spahiu,19231
Miftari,18868
Isufi,18519
Zeka,18182
Haziri,17857
Sejdiu,17544
Sahiti,17241
Abazi,16949
Veseli,16667
Pllana,16393
Islami,16129
Fazliu,15873
Asllani,15625
Shehu,15385
Selmani,15152
Maliqi,14925
Nikqi,14706
Azemi,14493
Brahimi,14286
Avdiu,14085
Ahmetaj,13889
Balaj,13699
Musliu,13514
Arifi,13333
Kadriu,13158
Hoxhaj,12987
Rexhaj,12821
Ismajli,12658
Bytyçi,12500
Kovačič,12346
Sinani,12195
Golob,12048
Halimi,11905
Rexha,11765
Zeneli,11628
Hasanaj,11494
Kos,11364
Behrami,11236
Ukaj,11111
Kovač,10989
Mlakar,10870
Ferizi,10753
Buzhala,10638
Zekaj,10526
Idrizi,10417
Neziri,10309
Potočnik,10204
Vidmar,10101
Murati,10000
Ibishi,9901
Kosova,9804
Duraku,9709
Sylaj,9615
Kralj,9524
Haxhiu,9434
Dreshaj,9346
Veliu,9259
Jusufi,9174
Jakupi,9091
Rozman,9009
Smajli,8929
Hajrizi,8850
Zupančič,8772
Thaçi,8696
Demaj,8621
Bizjak,8547
Bekteshi,8475
Kajtazi,8403
Kolgeci,8333
Avdyli,8264
Emini,8197
Mulaj,8130
Muriqi,8065
Osmanaj,8000
Ademaj,7937
Sopa,7874
Ramaj,7812
Petek,7752
Zupan,7692
Ferati,7634
Beka,7576
Rrustemi,7519
Rrahmani,7463
Shaqiri,7407
Veselaj,7353
Beqiraj,7299
Hajdini,7246
Fetahu,7194
Halilaj,7143
Fejza,7092
Demiri,7042
Hysenaj,6993
Ajeti,6944
Deliu,6897
Koren,6849
Istrefi,6803
Sopaj,6757
Oblak,6711
Kolar,6667
Bunjaku,6623
Kurti,6579
Paqarizi,6536
Muja,6494
Kuçi,6452
Kotnik,6410
Kamberi,6369
Hribar,6329
Korošec,6289
Blakaj,6250
Muhaxheri,6211
Elezaj,6173
Kukaj,6135
Zajc,6098
Haxha,6061
Kavčič,6024
Limani,5988
Kokollari,5952
Geci,5917
Bislimi,5882
Aliaj,5848
Nimani,5814
Bujupi,5780
Gashii,5747
Medved,5714
Hajra,5682
Božič,5650
Sadikaj,5618
Rushiti,5587
Maxhuni,5556
Xhemajli,5525
Begaj,5495
Musaj,5464
Selimaj,5435
Kurtaj,5405
Fejzullahu,5376
Hamiti,5348
Suka,5319
Ismaili,5291
Zenelaj,5263
Januzi,5236
Seferi,5208
Pajaziti,5181
Kastelic,5155
Salihi,5128
Pirc,5102
Qerimi,5076
Lah,5051
Dervishaj,5025
Elezi,5000
Rudi,4975
Metaj,4950
Shatri,4926
Haziraj,4902
Hetemi,4878
Košir,4854
Alija,4831
Spahija,4808
Zekolli,4785
Majcen,4762
Abdullahu,4739
Durmishi,4717
Dibrani,4695
Vokshi,4673
Raci,4651
Dauti,4630
Dakaj,4608
Ejupi,4587
Furlan,4566
Knez,4545
Daci,4525
Tahiraj,4505
Breznik,4484
Misini,4464
Sever,4444
Gegaj,4425
Sahitaj,4405
Halitaj,4386
Kuhar,4367
Hashani,4348
Žagar,4329
Zeqiraj,4310
Vidic,4292
Zejnullahu,4274
Begolli,4255
Lumi,4237
Rashiti,4219
Fras,4202
Jerman,4184
Hajdaraj,4167
Xhaferi,4149
Curri,4132
Zorko,4115
Sherifi,4098
Binaku,4082
Zupanc,4065
Leban,4049
Babič,4032
Arifaj,4016
Behluli,4000
Pavlin,3984
Kalludra,3968
Erjavec,3953
Logar,3937
Xhafa,3922
Begu,3906
Hrovat,3891
Murseli,3876
Jenko,3861
Brahimaj,3846
Peja,3831
Sallauka,3817
Sokoli,3802
Ymeri,3788
Bilalli,3774
Mehmetaj,3759
Muharremi,3745
Bezjak,3731
Kicaj,3717
Sertolli,3704
Belegu,3690
Nemec,3676
Bahtiri,3663
Tomažič,3650
Telaku,3636
Temaj,3623
Muqaj,3610
Sadriu,3597
Nrecaj,3584
Jahaj,3571
Gojani,3559
Gerguri,3546
Perko,3534
Racaj,3521
Likar,3509
Kobal,3497
Černe,3484
Bardhi,3472
Selmanaj,3460
Gjikolli,3448
Kramberger,3436
Dolenc,3425
Hočevar,3413
Lushtaku,3401
Guri,3390
Bllaca,3378
Bajra,3367
Paçarizi,3356
Hodaj,3344
Dushi,3333
Haxhaj,3322
Muqa,3311
Kovacic,3300
Vovk,3289
Meha,3279
Dervishi,3268
Loshi,3257
Cakaj,3247
Kosumi,3236
Marolt,3226
Makolli,3215
Kranjc,3205
Vidovič,3195
Klemenčič,3185
Marku,3175
Gega,3165
Topalli,3155
Qollaku,3145
Bozic,3135
Lesjak,3125
Zymberi,3115
Çitaku,3106
Pušnik,3096
Tolaj,3086
Jug,3077
Pavlič,3067
Qelaj,3058
Zadravec,3049
Uršič,3040
Petrič,3030
Zymeri,3021
Lokaj,3012
Gomboc,3003
Desku,2994
Gallapeni,2985
Bossi,2976
Ajvazi,2967
Baliu,2959
Bogataj,2950
Totaj,2941
Ilazi,2933
Skok,2924
Susuri,2915
Kosi,2907
Voca,2899
Kokalj,2890
Petrovič,2882
Bukovec,2874
Qenaj,2865
Jaha,2857
Lushaj,2849
Dragusha,2841
Salihaj,2833
Haxhijaj,2825
Pintar,2817
Kokol,2809
Hren,2801
Mazrekaj,2793
Rupnik,2786
Lekaj,2778
Sallahu,2770
Zabeli,2762
Bajgora,2755
Saramati,2747
Fazlija,2740
Gorenc,2732
Qoqaj,2725
Bajc,2717
Memaj,2710
Voci,2703
Besi,2695
Agushi,2688
Neziraj,2681
Xhema,2674
Jereb,2667
Cikaqi,2660
Karadolami,2653
Debeljak,2646
Močnik,2639
Preteni,2632
Shabanaj,2625
Maksuti,2618
Mahmuti,2611
Gjocaj,2604
Feka,2597
Zabelaj,2591
Hodzic,2584
Istogu,2577
Rožman,2571
Pevec,2564
Javornik,2558
Kuka,2551
Qorri,2545
Demolli,2538
Gjakova,2532
Dobruna,2525
Jamnik,2519
Leskovar,2513
Reshani,2506
Jelen,2500
Krivec,2494
Blatnik,2488
Rutar,2481
Gregorič,2475
Simonič,2469
Shkodra,2463
Rexhepaj,2457
Fetaj,2451
Fetahaj,2445
Pacolli,2439
Dolinar,2433
Qafleshi,2427
Toplak,2421
Kurtishaj,2415
Cvetko,2410
Jazbec,2404
Kolenc,2398
Stopar,2392
Vodopivec,2387
Lešnik,2381
Kocjančič,2375
Pirnat,2370
Jonuzi,2364
Bylykbashi,2358
Shoshi,2353
Kadriaj,2347
Popaj,2342
Rugova,2336
Avdullahu,2331
Lebar,2326
Jarc,2320
Murtezi,2315
Durguti,2309
Podvorica,2304
Pahor,2299
Tomšič,2294
Bejtullahu,2288
Malaj,2283
Palushi,2278
Demiraj,2273
Idrizaj,2268
Boshnjaku,2262
Qorraj,2257
Mujaj,2252
Volk,2247
Sitar,2242
Sopjani,2237
Zuka,2232
Pečnik,2227
Hasi,2222
Koci,2217
Nushi,2212
Zenuni,2208
Leci,2203
Zajmi,2198
Luma,2193
Bashota,2188
Hafner,2183
Kramar,2179
Zver,2174
Bajraj,2169
Zorman,2165
Rajh,2160
Žnidaršič,2155
Kafexholli,2151
Skenderi,2146
Dautaj,2141
Hamzaj,2137
Gruda,2132
Bajramaj,2128
Ibrahimaj,2123
Çeku,2119
Mulliqi,2114
Potocnik,2110
Ferk,2105
Avdijaj,2101
Gjini,2096
Tafaj,2092
Matoshi,2088
Quni,2083
Vogrin,2079
Humar,2075
Starc,2070
Gorjup,2066
Bugari,2062
Çoçaj,2058
Mihelič,2053
Berani,2049
Dedaj,2045
Duraj,2041
Ajdini,2037
Markaj,2033
Asllanaj,2028
Ibraj,2024
Kameri,2020
Qela,2016
Hribernik,2012
Lahu,2008
Gajšek,2004
Godec,2000
